name,type,value,date
阿鲁巴,ABW,-4323,1962
阿鲁巴,ABW,-4275,1967
阿鲁巴,ABW,-3537,1972
阿鲁巴,ABW,-5470,1977
阿鲁巴,ABW,-1921,1982
阿鲁巴,ABW,-5194,1987
阿鲁巴,ABW,14218,1992
阿鲁巴,ABW,6926,1997
阿鲁巴,ABW,6263,2002
阿鲁巴,ABW,-441,2007
阿鲁巴,ABW,1253,2012
阿鲁巴,ABW,1004,2017
阿富汗,AFG,-20000,1962
阿富汗,AFG,-20000,1967
阿富汗,AFG,-20000,1972
阿富汗,AFG,-1153959,1977
阿富汗,AFG,-3345095,1982
阿富汗,AFG,-1525351,1987
阿富汗,AFG,3076383,1992
阿富汗,AFG,-867540,1997
阿富汗,AFG,744193,2002
阿富汗,AFG,-1046361,2007
阿富汗,AFG,521769,2012
阿富汗,AFG,-314602,2017
安哥拉,AGO,-296717,1962
安哥拉,AGO,-587286,1967
安哥拉,AGO,199800,1972
安哥拉,AGO,199800,1977
安哥拉,AGO,234148,1982
安哥拉,AGO,188491,1987
安哥拉,AGO,142812,1992
安哥拉,AGO,199800,1997
安哥拉,AGO,261100,2002
安哥拉,AGO,357301,2007
安哥拉,AGO,166267,2012
安哥拉,AGO,32066,2017
阿尔巴尼亚,ALB,-99,1962
阿尔巴尼亚,ALB,-99,1967
阿尔巴尼亚,ALB,-99,1972
阿尔巴尼亚,ALB,-99,1977
阿尔巴尼亚,ALB,-99,1982
阿尔巴尼亚,ALB,-99,1987
阿尔巴尼亚,ALB,-443212,1992
阿尔巴尼亚,ALB,-179606,1997
阿尔巴尼亚,ALB,-176774,2002
阿尔巴尼亚,ALB,-217358,2007
阿尔巴尼亚,ALB,-136590,2012
阿尔巴尼亚,ALB,-69998,2017
阿拉伯联合酋长国,ARE,37882,1962
阿拉伯联合酋长国,ARE,53823,1967
阿拉伯联合酋长国,ARE,260488,1972
阿拉伯联合酋长国,ARE,372430,1977
阿拉伯联合酋长国,ARE,184159,1982
阿拉伯联合酋长国,ARE,256638,1987
阿拉伯联合酋长国,ARE,368126,1992
阿拉伯联合酋长国,ARE,498394,1997
阿拉伯联合酋长国,ARE,1189616,2002
阿拉伯联合酋长国,ARE,3592436,2007
阿拉伯联合酋长国,ARE,270000,2012
阿拉伯联合酋长国,ARE,200000,2017
阿根廷,ARG,122000,1962
阿根廷,ARG,130000,1967
阿根廷,ARG,142000,1972
阿根廷,ARG,-230000,1977
阿根廷,ARG,140000,1982
阿根廷,ARG,160000,1987
阿根廷,ARG,-105000,1992
阿根廷,ARG,-128000,1997
阿根廷,ARG,-125000,2002
阿根廷,ARG,-120000,2007
阿根廷,ARG,30000,2012
阿根廷,ARG,24000,2017
亚美尼亚,ARM,70335,1962
亚美尼亚,ARM,103399,1967
亚美尼亚,ARM,86404,1972
亚美尼亚,ARM,17214,1977
亚美尼亚,ARM,-51230,1982
亚美尼亚,ARM,-67528,1987
亚美尼亚,ARM,-496288,1992
亚美尼亚,ARM,-223873,1997
亚美尼亚,ARM,-160521,2002
亚美尼亚,ARM,-183361,2007
亚美尼亚,ARM,-30535,2012
亚美尼亚,ARM,-24989,2017
安提瓜和巴布达,ATG,-1880,1962
安提瓜和巴布达,ATG,-1202,1967
安提瓜和巴布达,ATG,-7018,1972
安提瓜和巴布达,ATG,-4428,1977
安提瓜和巴布达,ATG,-3763,1982
安提瓜和巴布达,ATG,-2890,1987
安提瓜和巴布达,ATG,2231,1992
安提瓜和巴布达,ATG,2469,1997
安提瓜和巴布达,ATG,252,2002
安提瓜和巴布达,ATG,1887,2007
安提瓜和巴布达,ATG,943,2012
安提瓜和巴布达,ATG,0,2017
澳大利亚,AUS,384343,1962
澳大利亚,AUS,806193,1967
澳大利亚,AUS,259531,1972
澳大利亚,AUS,235744,1977
澳大利亚,AUS,453572,1982
澳大利亚,AUS,654209,1987
澳大利亚,AUS,351078,1992
澳大利亚,AUS,388419,1997
澳大利亚,AUS,589282,2002
澳大利亚,AUS,1210802,2007
澳大利亚,AUS,989375,2012
澳大利亚,AUS,791229,2017
奥地利,AUT,15996,1962
奥地利,AUT,50401,1967
奥地利,AUT,82001,1972
奥地利,AUT,5502,1977
奥地利,AUT,18002,1982
奥地利,AUT,110999,1987
奥地利,AUT,227841,1992
奥地利,AUT,65082,1997
奥地利,AUT,178117,2002
奥地利,AUT,153763,2007
奥地利,AUT,267172,2012
奥地利,AUT,324998,2017
阿塞拜疆,AZE,0,1962
阿塞拜疆,AZE,-40000,1967
阿塞拜疆,AZE,-50466,1972
阿塞拜疆,AZE,-50466,1977
阿塞拜疆,AZE,-101568,1982
阿塞拜疆,AZE,-161568,1987
阿塞拜疆,AZE,-115116,1992
阿塞拜疆,AZE,-111849,1997
阿塞拜疆,AZE,36523,2002
阿塞拜疆,AZE,53579,2007
阿塞拜疆,AZE,8499,2012
阿塞拜疆,AZE,6002,2017
布隆迪,BDI,-84989,1962
布隆迪,BDI,-57900,1967
布隆迪,BDI,-266496,1972
布隆迪,BDI,-150290,1977
布隆迪,BDI,-139146,1982
布隆迪,BDI,-180004,1987
布隆迪,BDI,-320001,1992
布隆迪,BDI,-455304,1997
布隆迪,BDI,-24721,2002
布隆迪,BDI,30004,2007
布隆迪,BDI,-70001,2012
布隆迪,BDI,10003,2017
比利时,BEL,38304,1962
比利时,BEL,47288,1967
比利时,BEL,70980,1972
比利时,BEL,73523,1977
比利时,BEL,18478,1982
比利时,BEL,42556,1987
比利时,BEL,106947,1992
比利时,BEL,50870,1997
比利时,BEL,219560,2002
比利时,BEL,294270,2007
比利时,BEL,258672,2012
比利时,BEL,240000,2017
贝宁,BEN,-24295,1962
贝宁,BEN,-23742,1967
贝宁,BEN,-24845,1972
贝宁,BEN,-19393,1977
贝宁,BEN,-10848,1982
贝宁,BEN,-8723,1987
贝宁,BEN,68259,1992
贝宁,BEN,-2851,1997
贝宁,BEN,25005,2002
贝宁,BEN,-48776,2007
贝宁,BEN,-42268,2012
贝宁,BEN,-10000,2017
布基纳法索,BFA,-144723,1962
布基纳法索,BFA,-144723,1967
布基纳法索,BFA,-170263,1972
布基纳法索,BFA,-217400,1977
布基纳法索,BFA,-217400,1982
布基纳法索,BFA,-183699,1987
布基纳法索,BFA,-150001,1992
布基纳法索,BFA,-137499,1997
布基纳法索,BFA,-125000,2002
布基纳法索,BFA,-125000,2007
布基纳法索,BFA,-125000,2012
布基纳法索,BFA,-125000,2017
孟加拉国,BGD,-142378,1962
孟加拉国,BGD,-161822,1967
孟加拉国,BGD,-3045287,1972
孟加拉国,BGD,-1137344,1977
孟加拉国,BGD,-793826,1982
孟加拉国,BGD,-219363,1987
孟加拉国,BGD,-813794,1992
孟加拉国,BGD,-719899,1997
孟加拉国,BGD,-1492537,2002
孟加拉国,BGD,-3254778,2007
孟加拉国,BGD,-2306839,2012
孟加拉国,BGD,-1847503,2017
保加利亚,BGR,-1437,1962
保加利亚,BGR,-6423,1967
保加利亚,BGR,-43396,1972
保加利亚,BGR,-94868,1977
保加利亚,BGR,-22346,1982
保加利亚,BGR,-184143,1987
保加利亚,BGR,-356464,1992
保加利亚,BGR,-133824,1997
保加利亚,BGR,-85500,2002
保加利亚,BGR,-83742,2007
保加利亚,BGR,-24472,2012
保加利亚,BGR,-24001,2017
巴林,BHR,-4195,1962
巴林,BHR,-8033,1967
巴林,BHR,19123,1972
巴林,BHR,48962,1977
巴林,BHR,3234,1982
巴林,BHR,12899,1987
巴林,BHR,5480,1992
巴林,BHR,39180,1997
巴林,BHR,155500,2002
巴林,BHR,272000,2007
巴林,BHR,42000,2012
巴林,BHR,239000,2017
巴哈马,BHS,13873,1962
巴哈马,BHS,13929,1967
巴哈马,BHS,949,1972
巴哈马,BHS,2981,1977
巴哈马,BHS,646,1982
巴哈马,BHS,-811,1987
巴哈马,BHS,-322,1992
巴哈马,BHS,-3001,1997
巴哈马,BHS,11877,2002
巴哈马,BHS,14536,2007
巴哈马,BHS,4999,2012
巴哈马,BHS,4999,2017
波斯尼亚和黑塞哥维那,BIH,-50002,1962
波斯尼亚和黑塞哥维那,BIH,-96958,1967
波斯尼亚和黑塞哥维那,BIH,-82247,1972
波斯尼亚和黑塞哥维那,BIH,-74132,1977
波斯尼亚和黑塞哥维那,BIH,-29999,1982
波斯尼亚和黑塞哥维那,BIH,-134587,1987
波斯尼亚和黑塞哥维那,BIH,-740715,1992
波斯尼亚和黑塞哥维那,BIH,-159283,1997
波斯尼亚和黑塞哥维那,BIH,-6000,2002
波斯尼亚和黑塞哥维那,BIH,-59246,2007
波斯尼亚和黑塞哥维那,BIH,-258529,2012
波斯尼亚和黑塞哥维那,BIH,-107926,2017
白俄罗斯,BLR,-125387,1962
白俄罗斯,BLR,65585,1967
白俄罗斯,BLR,37146,1972
白俄罗斯,BLR,38298,1977
白俄罗斯,BLR,47114,1982
白俄罗斯,BLR,-23021,1987
白俄罗斯,BLR,-63057,1992
白俄罗斯,BLR,56146,1997
白俄罗斯,BLR,-6382,2002
白俄罗斯,BLR,63933,2007
白俄罗斯,BLR,72123,2012
白俄罗斯,BLR,43648,2017
伯利兹,BLZ,-2418,1962
伯利兹,BLZ,-2957,1967
伯利兹,BLZ,-10665,1972
伯利兹,BLZ,-13542,1977
伯利兹,BLZ,-5332,1982
伯利兹,BLZ,-5404,1987
伯利兹,BLZ,-9011,1992
伯利兹,BLZ,11909,1997
伯利兹,BLZ,5797,2002
伯利兹,BLZ,8722,2007
伯利兹,BLZ,7594,2012
伯利兹,BLZ,6000,2017
玻利维亚,BOL,-20760,1962
玻利维亚,BOL,-23150,1967
玻利维亚,BOL,-26620,1972
玻利维亚,BOL,-40130,1977
玻利维亚,BOL,-73670,1982
玻利维亚,BOL,-64260,1987
玻利维亚,BOL,-51670,1992
玻利维亚,BOL,-64330,1997
玻利维亚,BOL,-77720,2002
玻利维亚,BOL,-67700,2007
玻利维亚,BOL,-57620,2012
玻利维亚,BOL,-47520,2017
巴西,BRA,0,1962
巴西,BRA,0,1967
巴西,BRA,0,1972
巴西,BRA,0,1977
巴西,BRA,0,1982
巴西,BRA,0,1987
巴西,BRA,0,1992
巴西,BRA,0,1997
巴西,BRA,0,2002
巴西,BRA,0,2007
巴西,BRA,15924,2012
巴西,BRA,106000,2017
巴巴多斯,BRB,-17960,1962
巴巴多斯,BRB,-13677,1967
巴巴多斯,BRB,-6934,1972
巴巴多斯,BRB,-5548,1977
巴巴多斯,BRB,-7856,1982
巴巴多斯,BRB,-6311,1987
巴巴多斯,BRB,-5393,1992
巴巴多斯,BRB,-3643,1997
巴巴多斯,BRB,-3188,2002
巴巴多斯,BRB,-249,2007
巴巴多斯,BRB,-397,2012
巴巴多斯,BRB,-397,2017
文莱达鲁萨兰国,BRN,6422,1962
文莱达鲁萨兰国,BRN,10843,1967
文莱达鲁萨兰国,BRN,10886,1972
文莱达鲁萨兰国,BRN,8293,1977
文莱达鲁萨兰国,BRN,3622,1982
文莱达鲁萨兰国,BRN,3684,1987
文莱达鲁萨兰国,BRN,4770,1992
文莱达鲁萨兰国,BRN,4188,1997
文莱达鲁萨兰国,BRN,422,2002
文莱达鲁萨兰国,BRN,-2257,2007
文莱达鲁萨兰国,BRN,-901,2012
文莱达鲁萨兰国,BRN,0,2017
不丹,BTN,5000,1962
不丹,BTN,10000,1967
不丹,BTN,10001,1972
不丹,BTN,10016,1977
不丹,BTN,797,1982
不丹,BTN,1595,1987
不丹,BTN,-58565,1992
不丹,BTN,143,1997
不丹,BTN,6171,2002
不丹,BTN,-10971,2007
不丹,BTN,300,2012
不丹,BTN,1600,2017
博茨瓦纳,BWA,-22436,1962
博茨瓦纳,BWA,-24198,1967
博茨瓦纳,BWA,3992,1972
博茨瓦纳,BWA,17744,1977
博茨瓦纳,BWA,5203,1982
博茨瓦纳,BWA,46821,1987
博茨瓦纳,BWA,24296,1992
博茨瓦纳,BWA,36443,1997
博茨瓦纳,BWA,26928,2002
博茨瓦纳,BWA,26928,2007
博茨瓦纳,BWA,-73138,2012
博茨瓦纳,BWA,14999,2017
中非共和国,CAF,11930,1962
中非共和国,CAF,13145,1967
中非共和国,CAF,-50000,1972
中非共和国,CAF,-1000,1977
中非共和国,CAF,40000,1982
中非共和国,CAF,-80000,1987
中非共和国,CAF,50000,1992
中非共和国,CAF,30000,1997
中非共和国,CAF,-24405,2002
中非共和国,CAF,-125614,2007
中非共和国,CAF,-396129,2012
中非共和国,CAF,-200000,2017
加拿大,CAN,178691,1962
加拿大,CAN,611117,1967
加拿大,CAN,758104,1972
加拿大,CAN,420633,1977
加拿大,CAN,373939,1982
加拿大,CAN,859217,1987
加拿大,CAN,690555,1992
加拿大,CAN,783535,1997
加拿大,CAN,1052013,2002
加拿大,CAN,1326431,2007
加拿大,CAN,1241416,2012
加拿大,CAN,1210159,2017
瑞士,CHE,277152,1962
瑞士,CHE,92978,1967
瑞士,CHE,25185,1972
瑞士,CHE,-135365,1977
瑞士,CHE,81040,1982
瑞士,CHE,130857,1987
瑞士,CHE,247406,1992
瑞士,CHE,65218,1997
瑞士,CHE,186125,2002
瑞士,CHE,344872,2007
瑞士,CHE,397267,2012
瑞士,CHE,259999,2017
海峡群岛,CHI,2934,1962
海峡群岛,CHI,3880,1967
海峡群岛,CHI,4250,1972
海峡群岛,CHI,1726,1977
海峡群岛,CHI,5380,1982
海峡群岛,CHI,6085,1987
海峡群岛,CHI,1170,1992
海峡群岛,CHI,2291,1997
海峡群岛,CHI,1513,2002
海峡群岛,CHI,5970,2007
海峡群岛,CHI,3570,2012
海峡群岛,CHI,6754,2017
智利,CHL,-146900,1962
智利,CHL,-196500,1967
智利,CHL,-161260,1972
智利,CHL,-148300,1977
智利,CHL,-154520,1982
智利,CHL,-68650,1987
智利,CHL,3610,1992
智利,CHL,19340,1997
智利,CHL,42330,2002
智利,CHL,107169,2007
智利,CHL,163730,2012
智利,CHL,558539,2017
中国,CHN,-1125727,1962
中国,CHN,-160002,1967
中国,CHN,-1105479,1972
中国,CHN,-47004,1977
中国,CHN,-200000,1982
中国,CHN,-431651,1987
中国,CHN,-779982,1992
中国,CHN,-382999,1997
中国,CHN,-1965578,2002
中国,CHN,-2178385,2007
中国,CHN,-1552209,2012
中国,CHN,-1741996,2017
科特迪瓦,CIV,200706,1962
科特迪瓦,CIV,200706,1967
科特迪瓦,CIV,393042,1972
科特迪瓦,CIV,403322,1977
科特迪瓦,CIV,427498,1982
科特迪瓦,CIV,319134,1987
科特迪瓦,CIV,375000,1992
科特迪瓦,CIV,180000,1997
科特迪瓦,CIV,-300000,2002
科特迪瓦,CIV,-200000,2007
科特迪瓦,CIV,-80000,2012
科特迪瓦,CIV,-40000,2017
喀麦隆,CMR,0,1962
喀麦隆,CMR,-1000,1967
喀麦隆,CMR,-2500,1972
喀麦隆,CMR,0,1977
喀麦隆,CMR,-16500,1982
喀麦隆,CMR,-19500,1987
喀麦隆,CMR,-48000,1992
喀麦隆,CMR,-48000,1997
喀麦隆,CMR,-54000,2002
喀麦隆,CMR,-54000,2007
喀麦隆,CMR,-36000,2012
喀麦隆,CMR,-24000,2017
刚果（金）,COD,122650,1962
刚果（金）,COD,242939,1967
刚果（金）,COD,27450,1972
刚果（金）,COD,100685,1977
刚果（金）,COD,-450468,1982
刚果（金）,COD,74515,1987
刚果（金）,COD,1287106,1992
刚果（金）,COD,-958174,1997
刚果（金）,COD,-241564,2002
刚果（金）,COD,-43426,2007
刚果（金）,COD,15060,2012
刚果（金）,COD,119303,2017
刚果（布）,COG,0,1962
刚果（布）,COG,0,1967
刚果（布）,COG,0,1972
刚果（布）,COG,-7407,1977
刚果（布）,COG,2098,1982
刚果（布）,COG,2000,1987
刚果（布）,COG,22530,1992
刚果（布）,COG,49302,1997
刚果（布）,COG,51485,2002
刚果（布）,COG,91771,2007
刚果（布）,COG,-60000,2012
刚果（布）,COG,-20000,2017
哥伦比亚,COL,-306563,1962
哥伦比亚,COL,-338635,1967
哥伦比亚,COL,-380422,1972
哥伦比亚,COL,-419350,1977
哥伦比亚,COL,-370972,1982
哥伦比亚,COL,-324000,1987
哥伦比亚,COL,-287950,1992
哥伦比亚,COL,-259000,1997
哥伦比亚,COL,-231000,2002
哥伦比亚,COL,-195000,2007
哥伦比亚,COL,-193380,2012
哥伦比亚,COL,1023981,2017
科摩罗,COM,-8491,1962
科摩罗,COM,-5500,1967
科摩罗,COM,-5500,1972
科摩罗,COM,10000,1977
科摩罗,COM,-4500,1982
科摩罗,COM,-4500,1987
科摩罗,COM,-3000,1992
科摩罗,COM,-6000,1997
科摩罗,COM,-10000,2002
科摩罗,COM,-10000,2007
科摩罗,COM,-10000,2012
科摩罗,COM,-10000,2017
佛得角,CPV,-1167,1962
佛得角,CPV,4267,1967
佛得角,CPV,-34907,1972
佛得角,CPV,-27982,1977
佛得角,CPV,-20313,1982
佛得角,CPV,-27757,1987
佛得角,CPV,-6376,1992
佛得角,CPV,-5438,1997
佛得角,CPV,-9859,2002
佛得角,CPV,-11341,2007
佛得角,CPV,-8029,2012
佛得角,CPV,-6709,2017
哥斯达黎加,CRI,7905,1962
哥斯达黎加,CRI,7827,1967
哥斯达黎加,CRI,12638,1972
哥斯达黎加,CRI,17425,1977
哥斯达黎加,CRI,18876,1982
哥斯达黎加,CRI,17417,1987
哥斯达黎加,CRI,69202,1992
哥斯达黎加,CRI,89527,1997
哥斯达黎加,CRI,41792,2002
哥斯达黎加,CRI,30339,2007
哥斯达黎加,CRI,19658,2012
哥斯达黎加,CRI,21000,2017
古巴,CUB,-204043,1962
古巴,CUB,-248423,1967
古巴,CUB,-190000,1972
古巴,CUB,-160000,1977
古巴,CUB,-270000,1982
古巴,CUB,-69999,1987
古巴,CUB,-120006,1992
古巴,CUB,-132839,1997
古巴,CUB,-145629,2002
古巴,CUB,-240000,2007
古巴,CUB,-80000,2012
古巴,CUB,-72000,2017
库拉索,CUW,-7752,1962
库拉索,CUW,-4526,1967
库拉索,CUW,-5000,1972
库拉索,CUW,-13251,1977
库拉索,CUW,-8464,1982
库拉索,CUW,-14547,1987
库拉索,CUW,-11517,1992
库拉索,CUW,-17077,1997
库拉索,CUW,-6070,2002
库拉索,CUW,15363,2007
库拉索,CUW,6817,2012
库拉索,CUW,2573,2017
塞浦路斯,CYP,-43025,1962
塞浦路斯,CYP,-7843,1967
塞浦路斯,CYP,3053,1972
塞浦路斯,CYP,-1215,1977
塞浦路斯,CYP,-27634,1982
塞浦路斯,CYP,17167,1987
塞浦路斯,CYP,43195,1992
塞浦路斯,CYP,53260,1997
塞浦路斯,CYP,57530,2002
塞浦路斯,CYP,58658,2007
塞浦路斯,CYP,22509,2012
塞浦路斯,CYP,25000,2017
捷克共和国,CZE,24999,1962
捷克共和国,CZE,-129099,1967
捷克共和国,CZE,9999,1972
捷克共和国,CZE,9999,1977
捷克共和国,CZE,-52946,1982
捷克共和国,CZE,5671,1987
捷克共和国,CZE,29999,1992
捷克共和国,CZE,46002,1997
捷克共和国,CZE,47402,2002
捷克共和国,CZE,250889,2007
捷克共和国,CZE,59997,2012
捷克共和国,CZE,110057,2017
德国,DEU,669314,1962
德国,DEU,871265,1967
德国,DEU,701731,1972
德国,DEU,228894,1977
德国,DEU,23,1982
德国,DEU,1683737,1987
德国,DEU,2628459,1992
德国,DEU,715944,1997
德国,DEU,824445,2002
德国,DEU,43087,2007
德国,DEU,1938576,2012
德国,DEU,2719112,2017
吉布提,DJI,18000,1962
吉布提,DJI,25000,1967
吉布提,DJI,34997,1972
吉布提,DJI,91193,1977
吉布提,DJI,9999,1982
吉布提,DJI,89998,1987
吉布提,DJI,-45000,1992
吉布提,DJI,9988,1997
吉布提,DJI,-8997,2002
吉布提,DJI,-12221,2007
吉布提,DJI,6002,2012
吉布提,DJI,4501,2017
丹麦,DNK,2256,1962
丹麦,DNK,21866,1967
丹麦,DNK,23256,1972
丹麦,DNK,14925,1977
丹麦,DNK,9319,1982
丹麦,DNK,32839,1987
丹麦,DNK,65466,1992
丹麦,DNK,74568,1997
丹麦,DNK,46306,2002
丹麦,DNK,87989,2007
丹麦,DNK,106841,2012
丹麦,DNK,75998,2017
多米尼加共和国,DOM,-43490,1962
多米尼加共和国,DOM,-56172,1967
多米尼加共和国,DOM,-70824,1972
多米尼加共和国,DOM,-87098,1977
多米尼加共和国,DOM,-118102,1982
多米尼加共和国,DOM,-134470,1987
多米尼加共和国,DOM,-144154,1992
多米尼加共和国,DOM,-150146,1997
多米尼加共和国,DOM,-152553,2002
多米尼加共和国,DOM,-153773,2007
多米尼加共和国,DOM,-153000,2012
多米尼加共和国,DOM,-150000,2017
阿尔及利亚,DZA,-282941,1962
阿尔及利亚,DZA,-121335,1967
阿尔及利亚,DZA,-253436,1972
阿尔及利亚,DZA,-224833,1977
阿尔及利亚,DZA,-81020,1982
阿尔及利亚,DZA,-93302,1987
阿尔及利亚,DZA,-128679,1992
阿尔及利亚,DZA,-164413,1997
阿尔及利亚,DZA,-205228,2002
阿尔及利亚,DZA,-357340,2007
阿尔及利亚,DZA,-143268,2012
阿尔及利亚,DZA,-50002,2017
厄瓜多尔,ECU,-9002,1962
厄瓜多尔,ECU,-5500,1967
厄瓜多尔,ECU,-5499,1972
厄瓜多尔,ECU,-7198,1977
厄瓜多尔,ECU,-14001,1982
厄瓜多尔,ECU,-16998,1987
厄瓜多尔,ECU,-19000,1992
厄瓜多尔,ECU,-69999,1997
厄瓜多尔,ECU,-120002,2002
厄瓜多尔,ECU,-44999,2007
厄瓜多尔,ECU,-38001,2012
厄瓜多尔,ECU,182000,2017
阿拉伯埃及共和国,EGY,-50100,1962
阿拉伯埃及共和国,EGY,-239700,1967
阿拉伯埃及共和国,EGY,-559179,1972
阿拉伯埃及共和国,EGY,-595294,1977
阿拉伯埃及共和国,EGY,-392930,1982
阿拉伯埃及共和国,EGY,-212184,1987
阿拉伯埃及共和国,EGY,-460404,1992
阿拉伯埃及共和国,EGY,-210899,1997
阿拉伯埃及共和国,EGY,-74464,2002
阿拉伯埃及共和国,EGY,-283573,2007
阿拉伯埃及共和国,EGY,-280944,2012
阿拉伯埃及共和国,EGY,-190164,2017
厄立特里亚,ERI,6997,1962
厄立特里亚,ERI,4999,1967
厄立特里亚,ERI,10000,1972
厄立特里亚,ERI,10000,1977
厄立特里亚,ERI,10000,1982
厄立特里亚,ERI,-40000,1987
厄立特里亚,ERI,-314772,1992
厄立特里亚,ERI,-129998,1997
厄立特里亚,ERI,227290,2002
厄立特里亚,ERI,-80009,2007
厄立特里亚,ERI,-246000,2012
厄立特里亚,ERI,-199290,2017
西班牙,ESP,-193807,1962
西班牙,ESP,-145936,1967
西班牙,ESP,96990,1972
西班牙,ESP,76903,1977
西班牙,ESP,-43292,1982
西班牙,ESP,-67680,1987
西班牙,ESP,319270,1992
西班牙,ESP,931072,1997
西班牙,ESP,2908209,2002
西班牙,ESP,2273848,2007
西班牙,ESP,-520442,2012
西班牙,ESP,200000,2017
爱沙尼亚,EST,43228,1962
爱沙尼亚,EST,41204,1967
爱沙尼亚,EST,30581,1972
爱沙尼亚,EST,30510,1977
爱沙尼亚,EST,25900,1982
爱沙尼亚,EST,15497,1987
爱沙尼亚,EST,-111876,1992
爱沙尼亚,EST,-1197,1997
爱沙尼亚,EST,-18406,2002
爱沙尼亚,EST,-15151,2007
爱沙尼亚,EST,-10516,2012
爱沙尼亚,EST,19555,2017
埃塞俄比亚,ETH,-19999,1962
埃塞俄比亚,ETH,-42182,1967
埃塞俄比亚,ETH,-59597,1972
埃塞俄比亚,ETH,-2112372,1977
埃塞俄比亚,ETH,248546,1982
埃塞俄比亚,ETH,765993,1987
埃塞俄比亚,ETH,1457943,1992
埃塞俄比亚,ETH,-155577,1997
埃塞俄比亚,ETH,-150001,2002
埃塞俄比亚,ETH,-50132,2007
埃塞俄比亚,ETH,399997,2012
埃塞俄比亚,ETH,150002,2017
芬兰,FIN,-64984,1962
芬兰,FIN,-97937,1967
芬兰,FIN,28880,1972
芬兰,FIN,-29377,1977
芬兰,FIN,26181,1982
芬兰,FIN,18268,1987
芬兰,FIN,47223,1992
芬兰,FIN,22154,1997
芬兰,FIN,31935,2002
芬兰,FIN,57558,2007
芬兰,FIN,81416,2012
芬兰,FIN,70000,2017
斐济,FJI,-3455,1962
斐济,FJI,-14279,1967
斐济,FJI,-15145,1972
斐济,FJI,-22230,1977
斐济,FJI,-12677,1982
斐济,FJI,-66996,1987
斐济,FJI,-33803,1992
斐济,FJI,-38692,1997
斐济,FJI,-58598,2002
斐济,FJI,-23691,2007
斐济,FJI,-51950,2012
斐济,FJI,-31008,2017
法国,FRA,1417869,1962
法国,FRA,491613,1967
法国,FRA,543072,1972
法国,FRA,258429,1977
法国,FRA,291570,1982
法国,FRA,276383,1987
法国,FRA,122170,1992
法国,FRA,193631,1997
法国,FRA,926483,2002
法国,FRA,446120,2007
法国,FRA,423831,2012
法国,FRA,182636,2017
密克罗尼西亚联邦,FSM,454,1962
密克罗尼西亚联邦,FSM,429,1967
密克罗尼西亚联邦,FSM,-7534,1972
密克罗尼西亚联邦,FSM,120,1977
密克罗尼西亚联邦,FSM,445,1982
密克罗尼西亚联邦,FSM,-1902,1987
密克罗尼西亚联邦,FSM,-1662,1992
密克罗尼西亚联邦,FSM,-12788,1997
密克罗尼西亚联邦,FSM,-12284,2002
密克罗尼西亚联邦,FSM,-12278,2007
密克罗尼西亚联邦,FSM,-2999,2012
密克罗尼西亚联邦,FSM,-2999,2017
加蓬,GAB,9410,1962
加蓬,GAB,16188,1967
加蓬,GAB,2999,1972
加蓬,GAB,4999,1977
加蓬,GAB,4999,1982
加蓬,GAB,4999,1987
加蓬,GAB,4999,1992
加蓬,GAB,9566,1997
加蓬,GAB,24820,2002
加蓬,GAB,63698,2007
加蓬,GAB,100317,2012
加蓬,GAB,16301,2017
英国,GBR,143068,1962
英国,GBR,-84853,1967
英国,GBR,106415,1972
英国,GBR,39119,1977
英国,GBR,-97495,1982
英国,GBR,98758,1987
英国,GBR,205443,1992
英国,GBR,513361,1997
英国,GBR,992223,2002
英国,GBR,2189404,2007
英国,GBR,1300231,2012
英国,GBR,1303250,2017
格鲁吉亚,GEO,96284,1962
格鲁吉亚,GEO,85200,1967
格鲁吉亚,GEO,-73426,1972
格鲁吉亚,GEO,-95445,1977
格鲁吉亚,GEO,-47827,1982
格鲁吉亚,GEO,-43659,1987
格鲁吉亚,GEO,-591854,1992
格鲁吉亚,GEO,-653597,1997
格鲁吉亚,GEO,-148337,2002
格鲁吉亚,GEO,-119811,2007
格鲁吉亚,GEO,-95340,2012
格鲁吉亚,GEO,-50000,2017
加纳,GHA,30000,1962
加纳,GHA,-260133,1967
加纳,GHA,-143000,1972
加纳,GHA,-459839,1977
加纳,GHA,-12339,1982
加纳,GHA,-40000,1987
加纳,GHA,-16000,1992
加纳,GHA,-126999,1997
加纳,GHA,25002,2002
加纳,GHA,150000,2007
加纳,GHA,-50000,2012
加纳,GHA,-50000,2017
几内亚,GIN,0,1962
几内亚,GIN,0,1967
几内亚,GIN,-87571,1972
几内亚,GIN,-156695,1977
几内亚,GIN,-83323,1982
几内亚,GIN,0,1987
几内亚,GIN,-134975,1992
几内亚,GIN,-181099,1997
几内亚,GIN,-349998,2002
几内亚,GIN,-311422,2007
几内亚,GIN,-293749,2012
几内亚,GIN,-20000,2017
冈比亚,GMB,5282,1962
冈比亚,GMB,13403,1967
冈比亚,GMB,14403,1972
冈比亚,GMB,14580,1977
冈比亚,GMB,14883,1982
冈比亚,GMB,60597,1987
冈比亚,GMB,2620,1992
冈比亚,GMB,-4570,1997
冈比亚,GMB,1517,2002
冈比亚,GMB,-15436,2007
冈比亚,GMB,-15436,2012
冈比亚,GMB,-15436,2017
几内亚比绍共和国,GNB,-20001,1962
几内亚比绍共和国,GNB,-7230,1967
几内亚比绍共和国,GNB,-14999,1972
几内亚比绍共和国,GNB,-79367,1977
几内亚比绍共和国,GNB,-30001,1982
几内亚比绍共和国,GNB,-28004,1987
几内亚比绍共和国,GNB,-29999,1992
几内亚比绍共和国,GNB,-41167,1997
几内亚比绍共和国,GNB,-27932,2002
几内亚比绍共和国,GNB,-17502,2007
几内亚比绍共和国,GNB,-7005,2012
几内亚比绍共和国,GNB,-6996,2017
赤道几内亚,GNQ,2998,1962
赤道几内亚,GNQ,5001,1967
赤道几内亚,GNQ,-70000,1972
赤道几内亚,GNQ,-29998,1977
赤道几内亚,GNQ,64999,1982
赤道几内亚,GNQ,20000,1987
赤道几内亚,GNQ,20002,1992
赤道几内亚,GNQ,35001,1997
赤道几内亚,GNQ,50003,2002
赤道几内亚,GNQ,80001,2007
赤道几内亚,GNQ,89999,2012
赤道几内亚,GNQ,79998,2017
希腊,GRC,-256691,1962
希腊,GRC,-187126,1967
希腊,GRC,20771,1972
希腊,GRC,297368,1977
希腊,GRC,100241,1982
希腊,GRC,178887,1987
希腊,GRC,459178,1992
希腊,GRC,297431,1997
希腊,GRC,113586,2002
希腊,GRC,-370769,2007
希腊,GRC,-161799,2012
希腊,GRC,-80000,2017
格林纳达,GRD,-9450,1962
格林纳达,GRD,-9731,1967
格林纳达,GRD,-11759,1972
格林纳达,GRD,-13206,1977
格林纳达,GRD,-586,1982
格林纳达,GRD,-15189,1987
格林纳达,GRD,-4210,1992
格林纳达,GRD,-3964,1997
格林纳达,GRD,-3511,2002
格林纳达,GRD,-3526,2007
格林纳达,GRD,-1000,2012
格林纳达,GRD,-1000,2017
危地马拉,GTM,-10311,1962
危地马拉,GTM,-41269,1967
危地马拉,GTM,-137529,1972
危地马拉,GTM,-258519,1977
危地马拉,GTM,-283074,1982
危地马拉,GTM,-299909,1987
危地马拉,GTM,-367469,1992
危地马拉,GTM,-402326,1997
危地马拉,GTM,-281050,2002
危地马拉,GTM,-114231,2007
危地马拉,GTM,-50131,2012
危地马拉,GTM,-46073,2017
关岛,GUM,-2905,1962
关岛,GUM,-1442,1967
关岛,GUM,-2131,1972
关岛,GUM,-1511,1977
关岛,GUM,109,1982
关岛,GUM,99,1987
关岛,GUM,1739,1992
关岛,GUM,-4116,1997
关岛,GUM,-9556,2002
关岛,GUM,-9776,2007
关岛,GUM,-7594,2012
关岛,GUM,-2532,2017
圭亚那,GUY,-14669,1962
圭亚那,GUY,-42559,1967
圭亚那,GUY,-54362,1972
圭亚那,GUY,-52341,1977
圭亚那,GUY,-97340,1982
圭亚那,GUY,-102648,1987
圭亚那,GUY,-57867,1992
圭亚那,GUY,-86647,1997
圭亚那,GUY,-63249,2002
圭亚那,GUY,-50078,2007
圭亚那,GUY,-34999,2012
圭亚那,GUY,-30001,2017
中国香港特别行政区,HKG,-27385,1962
中国香港特别行政区,HKG,71590,1967
中国香港特别行政区,HKG,73970,1972
中国香港特别行政区,HKG,390487,1977
中国香港特别行政区,HKG,160605,1982
中国香港特别行政区,HKG,221262,1987
中国香港特别行政区,HKG,156486,1992
中国香港特别行政区,HKG,375683,1997
中国香港特别行政区,HKG,64797,2002
中国香港特别行政区,HKG,89747,2007
中国香港特别行政区,HKG,74892,2012
中国香港特别行政区,HKG,146542,2017
洪都拉斯,HND,-29002,1962
洪都拉斯,HND,-41000,1967
洪都拉斯,HND,-45999,1972
洪都拉斯,HND,-50999,1977
洪都拉斯,HND,-61998,1982
洪都拉斯,HND,-73998,1987
洪都拉斯,HND,-77999,1992
洪都拉斯,HND,-64998,1997
洪都拉斯,HND,-41999,2002
洪都拉斯,HND,-25000,2007
洪都拉斯,HND,-30000,2012
洪都拉斯,HND,-34000,2017
克罗地亚,HRV,1854,1962
克罗地亚,HRV,-1225,1967
克罗地亚,HRV,-18403,1972
克罗地亚,HRV,18681,1977
克罗地亚,HRV,54369,1982
克罗地亚,HRV,26145,1987
克罗地亚,HRV,-143579,1992
克罗地亚,HRV,-188129,1997
克罗地亚,HRV,-2580,2002
克罗地亚,HRV,-10499,2007
克罗地亚,HRV,-38493,2012
克罗地亚,HRV,-40004,2017
海地,HTI,-51997,1962
海地,HTI,-58003,1967
海地,HTI,-88000,1972
海地,HTI,-97999,1977
海地,HTI,-124999,1982
海地,HTI,-135001,1987
海地,HTI,-140001,1992
海地,HTI,-144998,1997
海地,HTI,-139999,2002
海地,HTI,-138004,2007
海地,HTI,-150000,2012
海地,HTI,-175000,2017
匈牙利,HUN,21715,1962
匈牙利,HUN,15731,1967
匈牙利,HUN,-24419,1972
匈牙利,HUN,13040,1977
匈牙利,HUN,-115800,1982
匈牙利,HUN,-91554,1987
匈牙利,HUN,99980,1992
匈牙利,HUN,78562,1997
匈牙利,HUN,61589,2002
匈牙利,HUN,25150,2007
匈牙利,HUN,29999,2012
匈牙利,HUN,29999,2017
印度尼西亚,IDN,449965,1962
印度尼西亚,IDN,556062,1967
印度尼西亚,IDN,508276,1972
印度尼西亚,IDN,378743,1977
印度尼西亚,IDN,475080,1982
印度尼西亚,IDN,261282,1987
印度尼西亚,IDN,-35412,1992
印度尼西亚,IDN,-67671,1997
印度尼西亚,IDN,-1149655,2002
印度尼西亚,IDN,-1333685,2007
印度尼西亚,IDN,-454447,2012
印度尼西亚,IDN,-494777,2017
印度,IND,-85391,1962
印度,IND,-342846,1967
印度,IND,2106041,1972
印度,IND,1111236,1977
印度,IND,579708,1982
印度,IND,45150,1987
印度,IND,-552948,1992
印度,IND,-682569,1997
印度,IND,-1888986,2002
印度,IND,-2655844,2007
印度,IND,-2350075,2012
印度,IND,-2663434,2017
爱尔兰,IRL,-105837,1962
爱尔兰,IRL,-57278,1967
爱尔兰,IRL,44335,1972
爱尔兰,IRL,51765,1977
爱尔兰,IRL,-60929,1982
爱尔兰,IRL,-125947,1987
爱尔兰,IRL,-15374,1992
爱尔兰,IRL,84879,1997
爱尔兰,IRL,201467,2002
爱尔兰,IRL,197285,2007
爱尔兰,IRL,-111819,2012
爱尔兰,IRL,118020,2017
伊朗伊斯兰共和国,IRN,-7838,1962
伊朗伊斯兰共和国,IRN,51755,1967
伊朗伊斯兰共和国,IRN,77633,1972
伊朗伊斯兰共和国,IRN,403319,1977
伊朗伊斯兰共和国,IRN,2007670,1982
伊朗伊斯兰共和国,IRN,1497228,1987
伊朗伊斯兰共和国,IRN,-898423,1992
伊朗伊斯兰共和国,IRN,-218350,1997
伊朗伊斯兰共和国,IRN,-48444,2002
伊朗伊斯兰共和国,IRN,-576900,2007
伊朗伊斯兰共和国,IRN,-502345,2012
伊朗伊斯兰共和国,IRN,-274998,2017
伊拉克,IRQ,-1862,1962
伊拉克,IRQ,-6877,1967
伊拉克,IRQ,-8587,1972
伊拉克,IRQ,-47791,1977
伊拉克,IRQ,-199939,1982
伊拉克,IRQ,-647664,1987
伊拉克,IRQ,-154026,1992
伊拉克,IRQ,-17859,1997
伊拉克,IRQ,-266320,2002
伊拉克,IRQ,-1102117,2007
伊拉克,IRQ,1303607,2012
伊拉克,IRQ,39171,2017
冰岛,ISL,-732,1962
冰岛,ISL,-2757,1967
冰岛,ISL,-1061,1972
冰岛,ISL,-3929,1977
冰岛,ISL,260,1982
冰岛,ISL,646,1987
冰岛,ISL,-1054,1992
冰岛,ISL,1020,1997
冰岛,ISL,2940,2002
冰岛,ISL,12007,2007
冰岛,ISL,-2163,2012
冰岛,ISL,1900,2017
以色列,ISR,209496,1962
以色列,ISR,72440,1967
以色列,ISR,165879,1972
以色列,ISR,62546,1977
以色列,ISR,2604,1982
以色列,ISR,65418,1987
以色列,ISR,451557,1992
以色列,ISR,245334,1997
以色列,ISR,102935,2002
以色列,ISR,273635,2007
以色列,ISR,19497,2012
以色列,ISR,50002,2017
意大利,ITA,-230527,1962
意大利,ITA,-231781,1967
意大利,ITA,19396,1972
意大利,ITA,164927,1977
意大利,ITA,264799,1982
意大利,ITA,-10058,1987
意大利,ITA,152825,1992
意大利,ITA,-298237,1997
意大利,ITA,1664343,2002
意大利,ITA,1050948,2007
意大利,ITA,1637369,2012
意大利,ITA,744713,2017
牙买加,JAM,-143938,1962
牙买加,JAM,-149741,1967
牙买加,JAM,-91034,1972
牙买加,JAM,-98483,1977
牙买加,JAM,-71084,1982
牙买加,JAM,-146934,1987
牙买加,JAM,-110068,1992
牙买加,JAM,-93279,1997
牙买加,JAM,-92045,2002
牙买加,JAM,-87319,2007
牙买加,JAM,-56658,2012
牙买加,JAM,-56658,2017
约旦,JOR,35715,1962
约旦,JOR,255435,1967
约旦,JOR,-29706,1972
约旦,JOR,-80758,1977
约旦,JOR,81657,1982
约旦,JOR,170602,1987
约旦,JOR,412472,1992
约旦,JOR,-150149,1997
约旦,JOR,-93910,2002
约旦,JOR,649995,2007
约旦,JOR,1056759,2012
约旦,JOR,51099,2017
日本,JPN,-151351,1962
日本,JPN,822703,1967
日本,JPN,714937,1972
日本,JPN,205006,1977
日本,JPN,50002,1982
日本,JPN,-298339,1987
日本,JPN,46286,1992
日本,JPN,-100333,1997
日本,JPN,164199,2002
日本,JPN,277580,2007
日本,JPN,358133,2012
日本,JPN,357800,2017
哈萨克斯坦,KAZ,694120,1962
哈萨克斯坦,KAZ,173343,1967
哈萨克斯坦,KAZ,-128101,1972
哈萨克斯坦,KAZ,-435262,1977
哈萨克斯坦,KAZ,-433268,1982
哈萨克斯坦,KAZ,-674287,1987
哈萨克斯坦,KAZ,-1439396,1992
哈萨克斯坦,KAZ,-1261512,1997
哈萨克斯坦,KAZ,44530,2002
哈萨克斯坦,KAZ,-35196,2007
哈萨克斯坦,KAZ,159807,2012
哈萨克斯坦,KAZ,-90000,2017
肯尼亚,KEN,-20000,1962
肯尼亚,KEN,-19535,1967
肯尼亚,KEN,-17915,1972
肯尼亚,KEN,-2930,1977
肯尼亚,KEN,3805,1982
肯尼亚,KEN,5023,1987
肯尼亚,KEN,221569,1992
肯尼亚,KEN,-21386,1997
肯尼亚,KEN,25144,2002
肯尼亚,KEN,-189330,2007
肯尼亚,KEN,-50000,2012
肯尼亚,KEN,-50000,2017
吉尔吉斯斯坦,KGZ,103107,1962
吉尔吉斯斯坦,KGZ,104185,1967
吉尔吉斯斯坦,KGZ,-12065,1972
吉尔吉斯斯坦,KGZ,-45839,1977
吉尔吉斯斯坦,KGZ,-54162,1982
吉尔吉斯斯坦,KGZ,-126883,1987
吉尔吉斯斯坦,KGZ,-276249,1992
吉尔吉斯斯坦,KGZ,-27268,1997
吉尔吉斯斯坦,KGZ,-172911,2002
吉尔吉斯斯坦,KGZ,-76604,2007
吉尔吉斯斯坦,KGZ,-93353,2012
吉尔吉斯斯坦,KGZ,-20000,2017
柬埔寨,KHM,0,1962
柬埔寨,KHM,-248418,1967
柬埔寨,KHM,-125000,1972
柬埔寨,KHM,-84999,1977
柬埔寨,KHM,-88854,1982
柬埔寨,KHM,-78022,1987
柬埔寨,KHM,409414,1992
柬埔寨,KHM,348495,1997
柬埔寨,KHM,-35156,2002
柬埔寨,KHM,-295987,2007
柬埔寨,KHM,-149999,2012
柬埔寨,KHM,-149999,2017
基里巴斯,KIR,-786,1962
基里巴斯,KIR,-917,1967
基里巴斯,KIR,-1120,1972
基里巴斯,KIR,-2342,1977
基里巴斯,KIR,-3011,1982
基里巴斯,KIR,-664,1987
基里巴斯,KIR,-4435,1992
基里巴斯,KIR,-2801,1997
基里巴斯,KIR,-1938,2002
基里巴斯,KIR,-295,2007
基里巴斯,KIR,-4123,2012
基里巴斯,KIR,-3999,2017
大韩民国,KOR,-69136,1962
大韩民国,KOR,-81844,1967
大韩民国,KOR,-209938,1972
大韩民国,KOR,-165135,1977
大韩民国,KOR,92892,1982
大韩民国,KOR,170581,1987
大韩民国,KOR,71418,1992
大韩民国,KOR,159428,1997
大韩民国,KOR,81223,2002
大韩民国,KOR,-156546,2007
大韩民国,KOR,401183,2012
大韩民国,KOR,58657,2017
科威特,KWT,137000,1962
科威特,KWT,146600,1967
科威特,KWT,95836,1972
科威特,KWT,141100,1977
科威特,KWT,115340,1982
科威特,KWT,119768,1987
科威特,KWT,-655000,1992
科威特,KWT,242000,1997
科威特,KWT,26500,2002
科威特,KWT,479500,2007
科威特,KWT,580000,2012
科威特,KWT,197600,2017
老挝,LAO,76,1962
老挝,LAO,30,1967
老挝,LAO,46,1972
老挝,LAO,-198756,1977
老挝,LAO,-35110,1982
老挝,LAO,138,1987
老挝,LAO,-60567,1992
老挝,LAO,-134746,1997
老挝,LAO,-148100,2002
老挝,LAO,-110258,2007
老挝,LAO,-112313,2012
老挝,LAO,-73518,2017
黎巴嫩,LBN,20000,1962
黎巴嫩,LBN,-70002,1967
黎巴嫩,LBN,-10000,1972
黎巴嫩,LBN,-285201,1977
黎巴嫩,LBN,-214378,1982
黎巴嫩,LBN,-128038,1987
黎巴嫩,LBN,390001,1992
黎巴嫩,LBN,-29428,1997
黎巴嫩,LBN,550110,2002
黎巴嫩,LBN,-26882,2007
黎巴嫩,LBN,1192354,2012
黎巴嫩,LBN,-150060,2017
利比里亚,LBR,7996,1962
利比里亚,LBR,7996,1967
利比里亚,LBR,10996,1972
利比里亚,LBR,11949,1977
利比里亚,LBR,0,1982
利比里亚,LBR,-359708,1987
利比里亚,LBR,-290000,1992
利比里亚,LBR,462952,1997
利比里亚,LBR,-50000,2002
利比里亚,LBR,175585,2007
利比里亚,LBR,25000,2012
利比里亚,LBR,-25000,2017
利比亚,LBY,45891,1962
利比亚,LBY,48002,1967
利比亚,LBY,58665,1972
利比亚,LBY,57534,1977
利比亚,LBY,113380,1982
利比亚,LBY,5490,1987
利比亚,LBY,3965,1992
利比亚,LBY,-57368,1997
利比亚,LBY,-20569,2002
利比亚,LBY,-118555,2007
利比亚,LBY,-300002,2012
利比亚,LBY,-9997,2017
圣卢西亚,LCA,-9187,1962
圣卢西亚,LCA,-7795,1967
圣卢西亚,LCA,-9703,1972
圣卢西亚,LCA,-8971,1977
圣卢西亚,LCA,-8009,1982
圣卢西亚,LCA,-4285,1987
圣卢西亚,LCA,-5031,1992
圣卢西亚,LCA,-1541,1997
圣卢西亚,LCA,-804,2002
圣卢西亚,LCA,4360,2007
圣卢西亚,LCA,0,2012
圣卢西亚,LCA,0,2017
斯里兰卡,LKA,-47500,1962
斯里兰卡,LKA,-38500,1967
斯里兰卡,LKA,-145000,1972
斯里兰卡,LKA,-237500,1977
斯里兰卡,LKA,-398693,1982
斯里兰卡,LKA,-137440,1987
斯里兰卡,LKA,-255780,1992
斯里兰卡,LKA,-461684,1997
斯里兰卡,LKA,-449480,2002
斯里兰卡,LKA,-520065,2007
斯里兰卡,LKA,-484772,2012
斯里兰卡,LKA,-489932,2017
莱索托,LSO,-24999,1962
莱索托,LSO,-22399,1967
莱索托,LSO,-24048,1972
莱索托,LSO,-6538,1977
莱索托,LSO,-25760,1982
莱索托,LSO,-40195,1987
莱索托,LSO,-7839,1992
莱索托,LSO,-37212,1997
莱索托,LSO,-161218,2002
莱索托,LSO,-92476,2007
莱索托,LSO,-47704,2012
莱索托,LSO,-50234,2017
立陶宛,LTU,24715,1962
立陶宛,LTU,26314,1967
立陶宛,LTU,37782,1972
立陶宛,LTU,38815,1977
立陶宛,LTU,43804,1982
立陶宛,LTU,36863,1987
立陶宛,LTU,-100301,1992
立陶宛,LTU,-93925,1997
立陶宛,LTU,-99104,2002
立陶宛,LTU,-150930,2007
立陶宛,LTU,-146217,2012
立陶宛,LTU,-163902,2017
卢森堡,LUX,8527,1962
卢森堡,LUX,5918,1967
卢森堡,LUX,15284,1972
卢森堡,LUX,11846,1977
卢森堡,LUX,2552,1982
卢森堡,LUX,12831,1987
卢森堡,LUX,20040,1992
卢森堡,LUX,19940,1997
卢森堡,LUX,14473,2002
卢森堡,LUX,42279,2007
卢森堡,LUX,48704,2012
卢森堡,LUX,48704,2017
拉脱维亚,LVA,79651,1962
拉脱维亚,LVA,70780,1967
拉脱维亚,LVA,54668,1972
拉脱维亚,LVA,36327,1977
拉脱维亚,LVA,30762,1982
拉脱维亚,LVA,41910,1987
拉脱维亚,LVA,-116474,1992
拉脱维亚,LVA,-46601,1997
拉脱维亚,LVA,-72490,2002
拉脱维亚,LVA,-86594,2007
拉脱维亚,LVA,-83325,2012
拉脱维亚,LVA,-74186,2017
中国澳门特别行政区,MAC,19062,1962
中国澳门特别行政区,MAC,33602,1967
中国澳门特别行政区,MAC,-10972,1972
中国澳门特别行政区,MAC,-10034,1977
中国澳门特别行政区,MAC,25146,1982
中国澳门特别行政区,MAC,33466,1987
中国澳门特别行政区,MAC,21845,1992
中国澳门特别行政区,MAC,27864,1997
中国澳门特别行政区,MAC,46284,2002
中国澳门特别行政区,MAC,42381,2007
中国澳门特别行政区,MAC,42350,2012
中国澳门特别行政区,MAC,25000,2017
摩洛哥,MAR,-239800,1962
摩洛哥,MAR,-474734,1967
摩洛哥,MAR,-508947,1972
摩洛哥,MAR,-309839,1977
摩洛哥,MAR,-320659,1982
摩洛哥,MAR,-430184,1987
摩洛哥,MAR,-466627,1992
摩洛哥,MAR,-532581,1997
摩洛哥,MAR,-654821,2002
摩洛哥,MAR,-565140,2007
摩洛哥,MAR,-367108,2012
摩洛哥,MAR,-257096,2017
摩尔多瓦,MDA,100890,1962
摩尔多瓦,MDA,74449,1967
摩尔多瓦,MDA,55824,1972
摩尔多瓦,MDA,-26414,1977
摩尔多瓦,MDA,-9185,1982
摩尔多瓦,MDA,-84531,1987
摩尔多瓦,MDA,-131953,1992
摩尔多瓦,MDA,-165309,1997
摩尔多瓦,MDA,-12079,2002
摩尔多瓦,MDA,-47911,2007
摩尔多瓦,MDA,-7020,2012
摩尔多瓦,MDA,-6935,2017
马达加斯加,MDG,0,1962
马达加斯加,MDG,-8000,1967
马达加斯加,MDG,-19000,1972
马达加斯加,MDG,-30000,1977
马达加斯加,MDG,-10000,1982
马达加斯加,MDG,-10000,1987
马达加斯加,MDG,-9500,1992
马达加斯加,MDG,-8500,1997
马达加斯加,MDG,-7500,2002
马达加斯加,MDG,-7500,2007
马达加斯加,MDG,-7500,2012
马达加斯加,MDG,-7500,2017
马尔代夫,MDV,-581,1962
马尔代夫,MDV,-2904,1967
马尔代夫,MDV,2415,1972
马尔代夫,MDV,0,1977
马尔代夫,MDV,0,1982
马尔代夫,MDV,-2605,1987
马尔代夫,MDV,-3072,1992
马尔代夫,MDV,-1100,1997
马尔代夫,MDV,17392,2002
马尔代夫,MDV,17994,2007
马尔代夫,MDV,58358,2012
马尔代夫,MDV,56851,2017
墨西哥,MEX,-409085,1962
墨西哥,MEX,-616085,1967
墨西哥,MEX,-920380,1972
墨西哥,MEX,-1253817,1977
墨西哥,MEX,-1273198,1982
墨西哥,MEX,-1835537,1987
墨西哥,MEX,-2018533,1992
墨西哥,MEX,-2296470,1997
墨西哥,MEX,-2206114,2002
墨西哥,MEX,-562404,2007
墨西哥,MEX,-422477,2012
墨西哥,MEX,-300000,2017
北马其顿,MKD,-40940,1962
北马其顿,MKD,-28981,1967
北马其顿,MKD,-61002,1972
北马其顿,MKD,-14749,1977
北马其顿,MKD,-72752,1982
北马其顿,MKD,-98818,1987
北马其顿,MKD,-100107,1992
北马其顿,MKD,-4999,1997
北马其顿,MKD,-14572,2002
北马其顿,MKD,-7399,2007
北马其顿,MKD,-8853,2012
北马其顿,MKD,-4999,2017
马里,MLI,-70243,1962
马里,MLI,-98235,1967
马里,MLI,-95585,1972
马里,MLI,-174998,1977
马里,MLI,-218064,1982
马里,MLI,-493982,1987
马里,MLI,-173489,1992
马里,MLI,-141950,1997
马里,MLI,-67110,2002
马里,MLI,-100823,2007
马里,MLI,-302449,2012
马里,MLI,-200000,2017
马耳他,MLT,-11710,1962
马耳他,MLT,-12601,1967
马耳他,MLT,-9682,1972
马耳他,MLT,-4843,1977
马耳他,MLT,2553,1982
马耳他,MLT,1159,1987
马耳他,MLT,1630,1992
马耳他,MLT,6378,1997
马耳他,MLT,5611,2002
马耳他,MLT,5737,2007
马耳他,MLT,15505,2012
马耳他,MLT,4501,2017
缅甸,MMR,0,1962
缅甸,MMR,0,1967
缅甸,MMR,0,1972
缅甸,MMR,0,1977
缅甸,MMR,-54656,1982
缅甸,MMR,-200000,1987
缅甸,MMR,-713704,1992
缅甸,MMR,-537998,1997
缅甸,MMR,-1208092,2002
缅甸,MMR,-1336928,2007
缅甸,MMR,-528211,2012
缅甸,MMR,-816564,2017
黑山,MNE,-2001,1962
黑山,MNE,-53773,1967
黑山,MNE,-2001,1972
黑山,MNE,-7401,1977
黑山,MNE,-2001,1982
黑山,MNE,-29965,1987
黑山,MNE,-20249,1992
黑山,MNE,-21588,1997
黑山,MNE,-7999,2002
黑山,MNE,-683,2007
黑山,MNE,-3112,2012
黑山,MNE,-2400,2017
蒙古,MNG,0,1962
蒙古,MNG,0,1967
蒙古,MNG,0,1972
蒙古,MNG,0,1977
蒙古,MNG,0,1982
蒙古,MNG,0,1987
蒙古,MNG,-88432,1992
蒙古,MNG,-52463,1997
蒙古,MNG,-15001,2002
蒙古,MNG,-10998,2007
蒙古,MNG,-4262,2012
蒙古,MNG,-4262,2017
莫桑比克,MOZ,-23500,1962
莫桑比克,MOZ,-23500,1967
莫桑比克,MOZ,-23500,1972
莫桑比克,MOZ,87373,1977
莫桑比克,MOZ,-376378,1982
莫桑比克,MOZ,-1336060,1987
莫桑比克,MOZ,642368,1992
莫桑比克,MOZ,-50000,1997
莫桑比克,MOZ,30004,2002
莫桑比克,MOZ,-40000,2007
莫桑比克,MOZ,-25000,2012
莫桑比克,MOZ,-25000,2017
毛里塔尼亚,MRT,-1820,1962
毛里塔尼亚,MRT,-2760,1967
毛里塔尼亚,MRT,-5950,1972
毛里塔尼亚,MRT,-9700,1977
毛里塔尼亚,MRT,-16100,1982
毛里塔尼亚,MRT,-39998,1987
毛里塔尼亚,MRT,-44622,1992
毛里塔尼亚,MRT,-44003,1997
毛里塔尼亚,MRT,-10004,2002
毛里塔尼亚,MRT,10001,2007
毛里塔尼亚,MRT,25002,2012
毛里塔尼亚,MRT,25002,2017
毛里求斯,MUS,-30869,1962
毛里求斯,MUS,-29156,1967
毛里求斯,MUS,-20463,1972
毛里求斯,MUS,-20617,1977
毛里求斯,MUS,-21632,1982
毛里求斯,MUS,-35977,1987
毛里求斯,MUS,-5611,1992
毛里求斯,MUS,-8858,1997
毛里求斯,MUS,-19372,2002
毛里求斯,MUS,-12079,2007
毛里求斯,MUS,-12079,2012
毛里求斯,MUS,0,2017
马拉维,MWI,0,1962
马拉维,MWI,0,1967
马拉维,MWI,-15002,1972
马拉维,MWI,13999,1977
马拉维,MWI,0,1982
马拉维,MWI,877076,1987
马拉维,MWI,-861893,1992
马拉维,MWI,-59163,1997
马拉维,MWI,-59163,2002
马拉维,MWI,-59163,2007
马拉维,MWI,-80263,2012
马拉维,MWI,-80263,2017
马来西亚,MYS,-58601,1962
马来西亚,MYS,-139279,1967
马来西亚,MYS,-135303,1972
马来西亚,MYS,-5443,1977
马来西亚,MYS,-77285,1982
马来西亚,MYS,425455,1987
马来西亚,MYS,292354,1992
马来西亚,MYS,516689,1997
马来西亚,MYS,671473,2002
马来西亚,MYS,761878,2007
马来西亚,MYS,249999,2012
马来西亚,MYS,249999,2017
纳米比亚,NAM,0,1962
纳米比亚,NAM,-1078,1967
纳米比亚,NAM,-2696,1972
纳米比亚,NAM,-44298,1977
纳米比亚,NAM,-29069,1982
纳米比亚,NAM,38106,1987
纳米比亚,NAM,-17280,1992
纳米比亚,NAM,-21174,1997
纳米比亚,NAM,-941,2002
纳米比亚,NAM,8713,2007
纳米比亚,NAM,-37034,2012
纳米比亚,NAM,-24030,2017
新喀里多尼亚,NCL,3347,1962
新喀里多尼亚,NCL,1406,1967
新喀里多尼亚,NCL,8190,1972
新喀里多尼亚,NCL,30,1977
新喀里多尼亚,NCL,-3292,1982
新喀里多尼亚,NCL,-488,1987
新喀里多尼亚,NCL,6328,1992
新喀里多尼亚,NCL,7075,1997
新喀里多尼亚,NCL,4000,2002
新喀里多尼亚,NCL,1705,2007
新喀里多尼亚,NCL,3003,2012
新喀里多尼亚,NCL,2510,2017
尼日尔,NER,-11545,1962
尼日尔,NER,-11545,1967
尼日尔,NER,-13763,1972
尼日尔,NER,-18138,1977
尼日尔,NER,-92946,1982
尼日尔,NER,-77917,1987
尼日尔,NER,-2679,1992
尼日尔,NER,-9944,1997
尼日尔,NER,-9497,2002
尼日尔,NER,-20001,2007
尼日尔,NER,18911,2012
尼日尔,NER,20001,2017
尼日利亚,NGA,1021,1962
尼日利亚,NGA,-43347,1967
尼日利亚,NGA,-38526,1972
尼日利亚,NGA,820713,1977
尼日利亚,NGA,-677063,1982
尼日利亚,NGA,-91407,1987
尼日利亚,NGA,-95769,1992
尼日利亚,NGA,-95027,1997
尼日利亚,NGA,-170000,2002
尼日利亚,NGA,-300000,2007
尼日利亚,NGA,-300000,2012
尼日利亚,NGA,-300000,2017
尼加拉瓜,NIC,-14020,1962
尼加拉瓜,NIC,-19010,1967
尼加拉瓜,NIC,-37980,1972
尼加拉瓜,NIC,-58030,1977
尼加拉瓜,NIC,-110020,1982
尼加拉瓜,NIC,-150030,1987
尼加拉瓜,NIC,-120040,1992
尼加拉瓜,NIC,-145020,1997
尼加拉瓜,NIC,-174010,2002
尼加拉瓜,NIC,-155010,2007
尼加拉瓜,NIC,-135020,2012
尼加拉瓜,NIC,-106360,2017
荷兰,NLD,11589,1962
荷兰,NLD,54636,1967
荷兰,NLD,186745,1972
荷兰,NLD,145804,1977
荷兰,NLD,71525,1982
荷兰,NLD,139748,1987
荷兰,NLD,186409,1992
荷兰,NLD,178553,1997
荷兰,NLD,146020,2002
荷兰,NLD,65713,2007
荷兰,NLD,62687,2012
荷兰,NLD,80000,2017
挪威,NOR,-2274,1962
挪威,NOR,4178,1967
挪威,NOR,15870,1972
挪威,NOR,20728,1977
挪威,NOR,24805,1982
挪威,NOR,38715,1987
挪威,NOR,46903,1992
挪威,NOR,58773,1997
挪威,NOR,67400,2002
挪威,NOR,163433,2007
挪威,NOR,221814,2012
挪威,NOR,140000,2017
尼泊尔,NPL,-70000,1962
尼泊尔,NPL,-21075,1967
尼泊尔,NPL,-5799,1972
尼泊尔,NPL,-41002,1977
尼泊尔,NPL,-101147,1982
尼泊尔,NPL,-216407,1987
尼泊尔,NPL,76064,1992
尼泊尔,NPL,-464703,1997
尼泊尔,NPL,-772525,2002
尼泊尔,NPL,-971580,2007
尼泊尔,NPL,-2040239,2012
尼泊尔,NPL,208549,2017
新西兰,NZL,54391,1962
新西兰,NZL,-2624,1967
新西兰,NZL,76678,1972
新西兰,NZL,-74794,1977
新西兰,NZL,-2908,1982
新西兰,NZL,-9418,1987
新西兰,NZL,118016,1992
新西兰,NZL,42584,1997
新西兰,NZL,134629,2002
新西兰,NZL,62413,2007
新西兰,NZL,90895,2012
新西兰,NZL,74403,2017
阿曼,OMN,-10000,1962
阿曼,OMN,-5000,1967
阿曼,OMN,25470,1972
阿曼,OMN,76409,1977
阿曼,OMN,81500,1982
阿曼,OMN,11169,1987
阿曼,OMN,104700,1992
阿曼,OMN,-193372,1997
阿曼,OMN,15000,2002
阿曼,OMN,267000,2007
阿曼,OMN,885782,2012
阿曼,OMN,437000,2017
巴基斯坦,PAK,-93268,1962
巴基斯坦,PAK,-209978,1967
巴基斯坦,PAK,-138106,1972
巴基斯坦,PAK,672203,1977
巴基斯坦,PAK,1387118,1982
巴基斯坦,PAK,139790,1987
巴基斯坦,PAK,-1023387,1992
巴基斯坦,PAK,470909,1997
巴基斯坦,PAK,-650182,2002
巴基斯坦,PAK,-339805,2007
巴基斯坦,PAK,-1079167,2012
巴基斯坦,PAK,-1166895,2017
巴拿马,PAN,-11928,1962
巴拿马,PAN,-12692,1967
巴拿马,PAN,-12288,1972
巴拿马,PAN,-14077,1977
巴拿马,PAN,-12704,1982
巴拿马,PAN,-9395,1987
巴拿马,PAN,1954,1992
巴拿马,PAN,9797,1997
巴拿马,PAN,16119,2002
巴拿马,PAN,22244,2007
巴拿马,PAN,28105,2012
巴拿马,PAN,56000,2017
秘鲁,PER,-29300,1962
秘鲁,PER,-48900,1967
秘鲁,PER,-82600,1972
秘鲁,PER,-94100,1977
秘鲁,PER,-175500,1982
秘鲁,PER,-280600,1987
秘鲁,PER,-354600,1992
秘鲁,PER,-255800,1997
秘鲁,PER,-909782,2002
秘鲁,PER,-1202758,2007
秘鲁,PER,-624809,2012
秘鲁,PER,495345,2017
菲律宾,PHL,-218063,1962
菲律宾,PHL,-470430,1967
菲律宾,PHL,-375090,1972
菲律宾,PHL,-476561,1977
菲律宾,PHL,-292444,1982
菲律宾,PHL,-314676,1987
菲律宾,PHL,-698877,1992
菲律宾,PHL,-949346,1997
菲律宾,PHL,-1244356,2002
菲律宾,PHL,-1548077,2007
菲律宾,PHL,-834619,2012
菲律宾,PHL,-335758,2017
巴布亚新几内亚,PNG,5860,1962
巴布亚新几内亚,PNG,9476,1967
巴布亚新几内亚,PNG,-6419,1972
巴布亚新几内亚,PNG,-8646,1977
巴布亚新几内亚,PNG,10704,1982
巴布亚新几内亚,PNG,4723,1987
巴布亚新几内亚,PNG,-21116,1992
巴布亚新几内亚,PNG,-26081,1997
巴布亚新几内亚,PNG,-84417,2002
巴布亚新几内亚,PNG,38578,2007
巴布亚新几内亚,PNG,-3999,2012
巴布亚新几内亚,PNG,-3999,2017
波兰,POL,-62544,1962
波兰,POL,-143114,1967
波兰,POL,-170903,1972
波兰,POL,-106595,1977
波兰,POL,-119193,1982
波兰,POL,-304973,1987
波兰,POL,-159999,1992
波兰,POL,-85199,1997
波兰,POL,-183471,2002
波兰,POL,-178456,2007
波兰,POL,-320806,2012
波兰,POL,-146976,2017
波多黎各,PRI,-91587,1962
波多黎各,PRI,-134255,1967
波多黎各,PRI,-41031,1972
波多黎各,PRI,-19579,1977
波多黎各,PRI,-48420,1982
波多黎各,PRI,-55192,1987
波多黎各,PRI,-296,1992
波多黎各,PRI,-30450,1997
波多黎各,PRI,-145704,2002
波多黎各,PRI,-138043,2007
波多黎各,PRI,-242701,2012
波多黎各,PRI,-489932,2017
朝鲜民主主义人民共和国,PRK,0,1962
朝鲜民主主义人民共和国,PRK,0,1967
朝鲜民主主义人民共和国,PRK,0,1972
朝鲜民主主义人民共和国,PRK,0,1977
朝鲜民主主义人民共和国,PRK,0,1982
朝鲜民主主义人民共和国,PRK,0,1987
朝鲜民主主义人民共和国,PRK,0,1992
朝鲜民主主义人民共和国,PRK,-13932,1997
朝鲜民主主义人民共和国,PRK,-17190,2002
朝鲜民主主义人民共和国,PRK,-24681,2007
朝鲜民主主义人民共和国,PRK,-27013,2012
朝鲜民主主义人民共和国,PRK,-27013,2017
葡萄牙,PRT,-545329,1962
葡萄牙,PRT,-697165,1967
葡萄牙,PRT,108187,1972
葡萄牙,PRT,198629,1977
葡萄牙,PRT,-66894,1982
葡萄牙,PRT,-147873,1987
葡萄牙,PRT,149122,1992
葡萄牙,PRT,173604,1997
葡萄牙,PRT,178353,2002
葡萄牙,PRT,92133,2007
葡萄牙,PRT,-140000,2012
葡萄牙,PRT,-30001,2017
巴拉圭,PRY,-70930,1962
巴拉圭,PRY,-66170,1967
巴拉圭,PRY,-59110,1972
巴拉圭,PRY,-46560,1977
巴拉圭,PRY,-21310,1982
巴拉圭,PRY,-17340,1987
巴拉圭,PRY,-31180,1992
巴拉圭,PRY,-44090,1997
巴拉圭,PRY,-47150,2002
巴拉圭,PRY,-117900,2007
巴拉圭,PRY,-87130,2012
巴拉圭,PRY,-82780,2017
约旦河西岸和加沙,PSE,35005,1992
约旦河西岸和加沙,PSE,69998,1997
约旦河西岸和加沙,PSE,-190001,2002
约旦河西岸和加沙,PSE,-103670,2007
约旦河西岸和加沙,PSE,-157065,2012
约旦河西岸和加沙,PSE,-52816,2017
法属波利尼西亚,PYF,3190,1962
法属波利尼西亚,PYF,3344,1967
法属波利尼西亚,PYF,5001,1972
法属波利尼西亚,PYF,4674,1977
法属波利尼西亚,PYF,3650,1982
法属波利尼西亚,PYF,-359,1987
法属波利尼西亚,PYF,-3424,1992
法属波利尼西亚,PYF,3483,1997
法属波利尼西亚,PYF,77,2002
法属波利尼西亚,PYF,-9019,2007
法属波利尼西亚,PYF,-8016,2012
法属波利尼西亚,PYF,-5000,2017
卡塔尔,QAT,16393,1962
卡塔尔,QAT,21061,1967
卡塔尔,QAT,34368,1972
卡塔尔,QAT,28387,1977
卡塔尔,QAT,102097,1982
卡塔尔,QAT,57517,1987
卡塔尔,QAT,-10132,1992
卡塔尔,QAT,29506,1997
卡塔尔,QAT,213916,2002
卡塔尔,QAT,914602,2007
卡塔尔,QAT,604852,2012
卡塔尔,QAT,200000,2017
罗马尼亚,ROU,-2001,1962
罗马尼亚,ROU,-2001,1967
罗马尼亚,ROU,-2001,1972
罗马尼亚,ROU,-99999,1977
罗马尼亚,ROU,-200000,1982
罗马尼亚,ROU,-200000,1987
罗马尼亚,ROU,-520001,1992
罗马尼亚,ROU,-580778,1997
罗马尼亚,ROU,-468204,2002
罗马尼亚,ROU,-774651,2007
罗马尼亚,ROU,-300001,2012
罗马尼亚,ROU,-369997,2017
俄罗斯联邦,RUS,-1387844,1962
俄罗斯联邦,RUS,-549722,1967
俄罗斯联邦,RUS,-296861,1972
俄罗斯联邦,RUS,614394,1977
俄罗斯联邦,RUS,1100559,1982
俄罗斯联邦,RUS,890253,1987
俄罗斯联邦,RUS,2490121,1992
俄罗斯联邦,RUS,2374657,1997
俄罗斯联邦,RUS,1778101,2002
俄罗斯联邦,RUS,2326672,2007
俄罗斯联邦,RUS,1800600,2012
俄罗斯联邦,RUS,912279,2017
卢旺达,RWA,-140001,1962
卢旺达,RWA,20000,1967
卢旺达,RWA,-20000,1972
卢旺达,RWA,-20000,1977
卢旺达,RWA,-50002,1982
卢旺达,RWA,29999,1987
卢旺达,RWA,-1374270,1992
卢旺达,RWA,1244966,1997
卢旺达,RWA,-72601,2002
卢旺达,RWA,-79767,2007
卢旺达,RWA,-108094,2012
卢旺达,RWA,-44998,2017
沙特阿拉伯,SAU,125989,1962
沙特阿拉伯,SAU,187007,1967
沙特阿拉伯,SAU,483318,1972
沙特阿拉伯,SAU,788719,1977
沙特阿拉伯,SAU,1383529,1982
沙特阿拉伯,SAU,716825,1987
沙特阿拉伯,SAU,-110000,1992
沙特阿拉伯,SAU,-350000,1997
沙特阿拉伯,SAU,747996,2002
沙特阿拉伯,SAU,1073093,2007
沙特阿拉伯,SAU,1722804,2012
沙特阿拉伯,SAU,674895,2017
苏丹,SDN,0,1962
苏丹,SDN,0,1967
苏丹,SDN,20002,1972
苏丹,SDN,180000,1977
苏丹,SDN,219998,1982
苏丹,SDN,150000,1987
苏丹,SDN,645810,1992
苏丹,SDN,-602679,1997
苏丹,SDN,-546005,2002
苏丹,SDN,-982687,2007
苏丹,SDN,-538145,2012
苏丹,SDN,-250001,2017
塞内加尔,SEN,50002,1962
塞内加尔,SEN,86522,1967
塞内加尔,SEN,65586,1972
塞内加尔,SEN,-134783,1977
塞内加尔,SEN,-85108,1982
塞内加尔,SEN,-60291,1987
塞内加尔,SEN,-77004,1992
塞内加尔,SEN,-227553,1997
塞内加尔,SEN,-202487,2002
塞内加尔,SEN,-218014,2007
塞内加尔,SEN,-214002,2012
塞内加尔,SEN,-100001,2017
新加坡,SGP,428,1962
新加坡,SGP,-365,1967
新加坡,SGP,5881,1972
新加坡,SGP,14273,1977
新加坡,SGP,137812,1982
新加坡,SGP,119802,1987
新加坡,SGP,297845,1992
新加坡,SGP,321578,1997
新加坡,SGP,92772,2002
新加坡,SGP,721338,2007
新加坡,SGP,317028,2012
新加坡,SGP,135142,2017
所罗门群岛,SLB,2359,1962
所罗门群岛,SLB,1461,1967
所罗门群岛,SLB,431,1972
所罗门群岛,SLB,-2416,1977
所罗门群岛,SLB,-3420,1982
所罗门群岛,SLB,-8504,1987
所罗门群岛,SLB,-6682,1992
所罗门群岛,SLB,-5285,1997
所罗门群岛,SLB,-8445,2002
所罗门群岛,SLB,-14256,2007
所罗门群岛,SLB,-7998,2012
所罗门群岛,SLB,-7998,2017
塞拉利昂,SLE,0,1962
塞拉利昂,SLE,0,1967
塞拉利昂,SLE,0,1972
塞拉利昂,SLE,0,1977
塞拉利昂,SLE,0,1982
塞拉利昂,SLE,62745,1987
塞拉利昂,SLE,-450000,1992
塞拉利昂,SLE,-150000,1997
塞拉利昂,SLE,500000,2002
塞拉利昂,SLE,60000,2007
塞拉利昂,SLE,-21000,2012
塞拉利昂,SLE,-21000,2017
萨尔瓦多,SLV,-24031,1962
萨尔瓦多,SLV,-44306,1967
萨尔瓦多,SLV,-90977,1972
萨尔瓦多,SLV,-164230,1977
萨尔瓦多,SLV,-231749,1982
萨尔瓦多,SLV,-256685,1987
萨尔瓦多,SLV,-265152,1992
萨尔瓦多,SLV,-326853,1997
萨尔瓦多,SLV,-312786,2002
萨尔瓦多,SLV,-285671,2007
萨尔瓦多,SLV,-240415,2012
萨尔瓦多,SLV,-202694,2017
索马里,SOM,-1328,1962
索马里,SOM,1910,1967
索马里,SOM,0,1972
索马里,SOM,1796103,1977
索马里,SOM,-454532,1982
索马里,SOM,-410787,1987
索马里,SOM,-822004,1992
索马里,SOM,0,1997
索马里,SOM,0,2002
索马里,SOM,-199997,2007
索马里,SOM,-233405,2012
索马里,SOM,-200002,2017
塞尔维亚,SRB,178348,1992
塞尔维亚,SRB,-495902,1997
塞尔维亚,SRB,-276331,2002
塞尔维亚,SRB,-119556,2007
塞尔维亚,SRB,29559,2012
塞尔维亚,SRB,20000,2017
南苏丹,SSD,0,1962
南苏丹,SSD,0,1967
南苏丹,SSD,25000,1972
南苏丹,SSD,60000,1977
南苏丹,SSD,150000,1982
南苏丹,SSD,-416233,1987
南苏丹,SSD,-1097076,1992
南苏丹,SSD,300000,1997
南苏丹,SSD,432000,2002
南苏丹,SSD,846611,2007
南苏丹,SSD,-100000,2012
南苏丹,SSD,-870998,2017
圣多美和普林西比,STP,-9152,1962
圣多美和普林西比,STP,-744,1967
圣多美和普林西比,STP,-2509,1972
圣多美和普林西比,STP,-1221,1977
圣多美和普林西比,STP,-5999,1982
圣多美和普林西比,STP,-2190,1987
圣多美和普林西比,STP,-5599,1992
圣多美和普林西比,STP,-9551,1997
圣多美和普林西比,STP,-8400,2002
圣多美和普林西比,STP,-3391,2007
圣多美和普林西比,STP,-8400,2012
圣多美和普林西比,STP,-8401,2017
苏里南,SUR,-11050,1962
苏里南,SUR,-13862,1967
苏里南,SUR,-56820,1972
苏里南,SUR,-40352,1977
苏里南,SUR,-31771,1982
苏里南,SUR,-4845,1987
苏里南,SUR,-5195,1992
苏里南,SUR,-10189,1997
苏里南,SUR,-9124,2002
苏里南,SUR,-6485,2007
苏里南,SUR,-5000,2012
苏里南,SUR,-4999,2017
斯洛伐克共和国,SVK,-26427,1962
斯洛伐克共和国,SVK,-57838,1967
斯洛伐克共和国,SVK,-15254,1972
斯洛伐克共和国,SVK,-9696,1977
斯洛伐克共和国,SVK,-34777,1982
斯洛伐克共和国,SVK,-35312,1987
斯洛伐克共和国,SVK,-15108,1992
斯洛伐克共和国,SVK,-2964,1997
斯洛伐克共和国,SVK,1199,2002
斯洛伐克共和国,SVK,-8855,2007
斯洛伐克共和国,SVK,11346,2012
斯洛伐克共和国,SVK,7423,2017
斯洛文尼亚,SVN,-22059,1962
斯洛文尼亚,SVN,-14950,1967
斯洛文尼亚,SVN,17942,1972
斯洛文尼亚,SVN,34686,1977
斯洛文尼亚,SVN,68363,1982
斯洛文尼亚,SVN,32609,1987
斯洛文尼亚,SVN,-17461,1992
斯洛文尼亚,SVN,1487,1997
斯洛文尼亚,SVN,14998,2002
斯洛文尼亚,SVN,39348,2007
斯洛文尼亚,SVN,16571,2012
斯洛文尼亚,SVN,9999,2017
瑞典,SWE,80351,1962
瑞典,SWE,130980,1967
瑞典,SWE,18798,1972
瑞典,SWE,88567,1977
瑞典,SWE,29799,1982
瑞典,SWE,134569,1987
瑞典,SWE,156460,1992
瑞典,SWE,58470,1997
瑞典,SWE,141723,2002
瑞典,SWE,262453,2007
瑞典,SWE,253958,2012
瑞典,SWE,200000,2017
斯威士兰,SWZ,-12011,1962
斯威士兰,SWZ,-3966,1967
斯威士兰,SWZ,-11426,1972
斯威士兰,SWZ,-10100,1977
斯威士兰,SWZ,-9310,1982
斯威士兰,SWZ,-2218,1987
斯威士兰,SWZ,-23252,1992
斯威士兰,SWZ,-25847,1997
斯威士兰,SWZ,-47814,2002
斯威士兰,SWZ,-38219,2007
斯威士兰,SWZ,-41764,2012
斯威士兰,SWZ,-41764,2017
塞舌尔,SYC,-984,1962
塞舌尔,SYC,-1110,1967
塞舌尔,SYC,168,1972
塞舌尔,SYC,-299,1977
塞舌尔,SYC,-3186,1982
塞舌尔,SYC,-5196,1987
塞舌尔,SYC,503,1992
塞舌尔,SYC,-255,1997
塞舌尔,SYC,2634,2002
塞舌尔,SYC,-2725,2007
塞舌尔,SYC,-1000,2012
塞舌尔,SYC,-1000,2017
阿拉伯叙利亚共和国,SYR,-16000,1962
阿拉伯叙利亚共和国,SYR,-16000,1967
阿拉伯叙利亚共和国,SYR,-81501,1972
阿拉伯叙利亚共和国,SYR,-161672,1977
阿拉伯叙利亚共和国,SYR,-87001,1982
阿拉伯叙利亚共和国,SYR,-146501,1987
阿拉伯叙利亚共和国,SYR,-70000,1992
阿拉伯叙利亚共和国,SYR,-130000,1997
阿拉伯叙利亚共和国,SYR,-379910,2002
阿拉伯叙利亚共和国,SYR,370000,2007
阿拉伯叙利亚共和国,SYR,-5386986,2012
阿拉伯叙利亚共和国,SYR,-2136954,2017
乍得,TCD,-5000,1962
乍得,TCD,-40950,1967
乍得,TCD,-49050,1972
乍得,TCD,-175500,1977
乍得,TCD,-131245,1982
乍得,TCD,1418,1987
乍得,TCD,-10374,1992
乍得,TCD,69444,1997
乍得,TCD,218966,2002
乍得,TCD,75000,2007
乍得,TCD,100000,2012
乍得,TCD,10000,2017
多哥,TGO,-77885,1962
多哥,TGO,138923,1967
多哥,TGO,-49999,1972
多哥,TGO,-100000,1977
多哥,TGO,50001,1982
多哥,TGO,-20000,1987
多哥,TGO,-116499,1992
多哥,TGO,80000,1997
多哥,TGO,-33000,2002
多哥,TGO,-10598,2007
多哥,TGO,-9994,2012
多哥,TGO,-9999,2017
泰国,THA,0,1962
泰国,THA,0,1967
泰国,THA,395572,1972
泰国,THA,287226,1977
泰国,THA,339923,1982
泰国,THA,504404,1987
泰国,THA,-607538,1992
泰国,THA,715832,1997
泰国,THA,373746,2002
泰国,THA,59008,2007
泰国,THA,167314,2012
泰国,THA,97222,2017
塔吉克斯坦,TJK,53337,1962
塔吉克斯坦,TJK,65780,1967
塔吉克斯坦,TJK,28033,1972
塔吉克斯坦,TJK,22800,1977
塔吉克斯坦,TJK,12417,1982
塔吉克斯坦,TJK,-31508,1987
塔吉克斯坦,TJK,-232301,1992
塔吉克斯坦,TJK,-237255,1997
塔吉克斯坦,TJK,-144939,2002
塔吉克斯坦,TJK,-145788,2007
塔吉克斯坦,TJK,-136974,2012
塔吉克斯坦,TJK,-99999,2017
土库曼斯坦,TKM,26783,1962
土库曼斯坦,TKM,28147,1967
土库曼斯坦,TKM,25346,1972
土库曼斯坦,TKM,-5070,1977
土库曼斯坦,TKM,-35795,1982
土库曼斯坦,TKM,-39702,1987
土库曼斯坦,TKM,43633,1992
土库曼斯坦,TKM,-64674,1997
土库曼斯坦,TKM,-125883,2002
土库曼斯坦,TKM,-62717,2007
土库曼斯坦,TKM,-50002,2012
土库曼斯坦,TKM,-25001,2017
东帝汶,TLS,0,1962
东帝汶,TLS,0,1967
东帝汶,TLS,0,1972
东帝汶,TLS,-51400,1977
东帝汶,TLS,0,1982
东帝汶,TLS,0,1987
东帝汶,TLS,0,1992
东帝汶,TLS,-81574,1997
东帝汶,TLS,-27870,2002
东帝汶,TLS,-38074,2007
东帝汶,TLS,-28030,2012
东帝汶,TLS,-26924,2017
汤加,TON,424,1962
汤加,TON,-2881,1967
汤加,TON,-7485,1972
汤加,TON,-7815,1977
汤加,TON,-12375,1982
汤加,TON,-10786,1987
汤加,TON,-10980,1992
汤加,TON,-8435,1997
汤加,TON,-7835,2002
汤加,TON,-7761,2007
汤加,TON,-12992,2012
汤加,TON,-3999,2017
特立尼达和多巴哥,TTO,-56797,1962
特立尼达和多巴哥,TTO,-61309,1967
特立尼达和多巴哥,TTO,-28896,1972
特立尼达和多巴哥,TTO,-29937,1977
特立尼达和多巴哥,TTO,-33669,1982
特立尼达和多巴哥,TTO,-45387,1987
特立尼达和多巴哥,TTO,-32813,1992
特立尼达和多巴哥,TTO,-34262,1997
特立尼达和多巴哥,TTO,-17490,2002
特立尼达和多巴哥,TTO,-18605,2007
特立尼达和多巴哥,TTO,-3999,2012
特立尼达和多巴哥,TTO,-3999,2017
突尼斯,TUN,-142495,1962
突尼斯,TUN,-96523,1967
突尼斯,TUN,-97065,1972
突尼斯,TUN,-72068,1977
突尼斯,TUN,85582,1982
突尼斯,TUN,48999,1987
突尼斯,TUN,140341,1992
突尼斯,TUN,-39804,1997
突尼斯,TUN,-143045,2002
突尼斯,TUN,-40641,2007
突尼斯,TUN,-150000,2012
突尼斯,TUN,-20000,2017
土耳其,TUR,-149999,1962
土耳其,TUR,-180001,1967
土耳其,TUR,-240000,1972
土耳其,TUR,-259998,1977
土耳其,TUR,-70001,1982
土耳其,TUR,-100001,1987
土耳其,TUR,-120000,1992
土耳其,TUR,-99999,1997
土耳其,TUR,-39998,2002
土耳其,TUR,-50000,2007
土耳其,TUR,1763078,2012
土耳其,TUR,1419610,2017
坦桑尼亚,TZA,25040,1962
坦桑尼亚,TZA,36058,1967
坦桑尼亚,TZA,120202,1972
坦桑尼亚,TZA,-25040,1977
坦桑尼亚,TZA,35062,1982
坦桑尼亚,TZA,68117,1987
坦桑尼亚,TZA,584095,1992
坦桑尼亚,TZA,-400706,1997
坦桑尼亚,TZA,-300523,2002
坦桑尼亚,TZA,-500853,2007
坦桑尼亚,TZA,-250435,2012
坦桑尼亚,TZA,-200381,2017
乌干达,UGA,124999,1962
乌干达,UGA,50004,1967
乌干达,UGA,-276112,1972
乌干达,UGA,-179999,1977
乌干达,UGA,-120001,1982
乌干达,UGA,200002,1987
乌干达,UGA,109998,1992
乌干达,UGA,-180002,1997
乌干达,UGA,-250002,2002
乌干达,UGA,-500000,2007
乌干达,UGA,-299994,2012
乌干达,UGA,843469,2017
乌克兰,UKR,455769,1962
乌克兰,UKR,268767,1967
乌克兰,UKR,206203,1972
乌克兰,UKR,104383,1977
乌克兰,UKR,189092,1982
乌克兰,UKR,0,1987
乌克兰,UKR,74421,1992
乌克兰,UKR,-462264,1997
乌克兰,UKR,-165445,2002
乌克兰,UKR,269541,2007
乌克兰,UKR,132154,2012
乌克兰,UKR,50001,2017
乌拉圭,URY,-6000,1962
乌拉圭,URY,-34000,1967
乌拉圭,URY,-136000,1972
乌拉圭,URY,-60000,1977
乌拉圭,URY,-30000,1982
乌拉圭,URY,-30000,1987
乌拉圭,URY,-20000,1992
乌拉圭,URY,-26000,1997
乌拉圭,URY,-104000,2002
乌拉圭,URY,-50000,2007
乌拉圭,URY,-30000,2012
乌拉圭,URY,-15000,2017
美国,USA,1835728,1962
美国,USA,1556054,1967
美国,USA,2889346,1972
美国,USA,3770881,1977
美国,USA,3382460,1982
美国,USA,3366853,1987
美国,USA,4463754,1992
美国,USA,8859954,1997
美国,USA,5334893,2002
美国,USA,5428756,2007
美国,USA,4961716,2012
美国,USA,4774029,2017
乌兹别克斯坦,UZB,161627,1962
乌兹别克斯坦,UZB,446173,1967
乌兹别克斯坦,UZB,70667,1972
乌兹别克斯坦,UZB,72079,1977
乌兹别克斯坦,UZB,-185170,1982
乌兹别克斯坦,UZB,-356031,1987
乌兹别克斯坦,UZB,-322777,1992
乌兹别克斯坦,UZB,-242636,1997
乌兹别克斯坦,UZB,-242297,2002
乌兹别克斯坦,UZB,-140130,2007
乌兹别克斯坦,UZB,-66469,2012
乌兹别克斯坦,UZB,-44314,2017
圣文森特和格林纳丁斯,VCT,-9356,1962
圣文森特和格林纳丁斯,VCT,-9706,1967
圣文森特和格林纳丁斯,VCT,-8448,1972
圣文森特和格林纳丁斯,VCT,-7246,1977
圣文森特和格林纳丁斯,VCT,-7350,1982
圣文森特和格林纳丁斯,VCT,-7183,1987
圣文森特和格林纳丁斯,VCT,-8721,1992
圣文森特和格林纳丁斯,VCT,-7971,1997
圣文森特和格林纳丁斯,VCT,-5298,2002
圣文森特和格林纳丁斯,VCT,-5696,2007
圣文森特和格林纳丁斯,VCT,-2934,2012
圣文森特和格林纳丁斯,VCT,-1000,2017
委内瑞拉玻利瓦尔共和国,VEN,18870,1962
委内瑞拉玻利瓦尔共和国,VEN,3160,1967
委内瑞拉玻利瓦尔共和国,VEN,940,1972
委内瑞拉玻利瓦尔共和国,VEN,1120,1977
委内瑞拉玻利瓦尔共和国,VEN,1380,1982
委内瑞拉玻利瓦尔共和国,VEN,920,1987
委内瑞拉玻利瓦尔共和国,VEN,-2270,1992
委内瑞拉玻利瓦尔共和国,VEN,-4540,1997
委内瑞拉玻利瓦尔共和国,VEN,-22740,2002
委内瑞拉玻利瓦尔共和国,VEN,-200220,2007
委内瑞拉玻利瓦尔共和国,VEN,-431040,2012
委内瑞拉玻利瓦尔共和国,VEN,-3266243,2017
美属维京群岛,VIR,10270,1962
美属维京群岛,VIR,3245,1967
美属维京群岛,VIR,9407,1972
美属维京群岛,VIR,1961,1977
美属维京群岛,VIR,-3492,1982
美属维京群岛,VIR,-11156,1987
美属维京群岛,VIR,-4618,1992
美属维京群岛,VIR,-3936,1997
美属维京群岛,VIR,-5272,2002
美属维京群岛,VIR,-6267,2007
美属维京群岛,VIR,-4501,2012
美属维京群岛,VIR,-2254,2017
越南,VNM,0,1962
越南,VNM,0,1967
越南,VNM,0,1972
越南,VNM,-858895,1977
越南,VNM,-327564,1982
越南,VNM,-332327,1987
越南,VNM,-394236,1992
越南,VNM,-216001,1997
越南,VNM,-650999,2002
越南,VNM,-799969,2007
越南,VNM,-399999,2012
越南,VNM,-399999,2017
瓦努阿图,VUT,-652,1962
瓦努阿图,VUT,-1213,1967
瓦努阿图,VUT,776,1972
瓦努阿图,VUT,-435,1977
瓦努阿图,VUT,-4003,1982
瓦努阿图,VUT,-3616,1987
瓦努阿图,VUT,-948,1992
瓦努阿图,VUT,-7385,1997
瓦努阿图,VUT,-2574,2002
瓦努阿图,VUT,-3275,2007
瓦努阿图,VUT,1785,2012
瓦努阿图,VUT,600,2017
萨摩亚,WSM,-3402,1962
萨摩亚,WSM,-6803,1967
萨摩亚,WSM,-14914,1972
萨摩亚,WSM,-18979,1977
萨摩亚,WSM,-18695,1982
萨摩亚,WSM,-19526,1987
萨摩亚,WSM,-13998,1992
萨摩亚,WSM,-17141,1997
萨摩亚,WSM,-15641,2002
萨摩亚,WSM,-15085,2007
萨摩亚,WSM,-12189,2012
萨摩亚,WSM,-14013,2017
也门共和国,YEM,-100000,1962
也门共和国,YEM,-245662,1967
也门共和国,YEM,-360993,1972
也门共和国,YEM,-75000,1977
也门共和国,YEM,-50000,1982
也门共和国,YEM,-50000,1987
也门共和国,YEM,607781,1992
也门共和国,YEM,-100000,1997
也门共和国,YEM,-112150,2002
也门共和国,YEM,-65768,2007
也门共和国,YEM,-75010,2012
也门共和国,YEM,-150000,2017
南非,ZAF,106550,1962
南非,ZAF,199359,1967
南非,ZAF,222659,1972
南非,ZAF,73316,1977
南非,ZAF,180998,1982
南非,ZAF,-118001,1987
南非,ZAF,852860,1992
南非,ZAF,639902,1997
南非,ZAF,788982,2002
南非,ZAF,862221,2007
南非,ZAF,919697,2012
南非,ZAF,727026,2017
赞比亚,ZMB,-35328,1962
赞比亚,ZMB,-22042,1967
赞比亚,ZMB,-20000,1972
赞比亚,ZMB,-25000,1977
赞比亚,ZMB,10000,1982
赞比亚,ZMB,-75000,1987
赞比亚,ZMB,-150000,1992
赞比亚,ZMB,20000,1997
赞比亚,ZMB,-150000,2002
赞比亚,ZMB,-175000,2007
赞比亚,ZMB,-50000,2012
赞比亚,ZMB,-40000,2017
津巴布韦,ZWE,-15009,1962
津巴布韦,ZWE,-42001,1967
津巴布韦,ZWE,-45547,1972
津巴布韦,ZWE,-152283,1977
津巴布韦,ZWE,99068,1982
津巴布韦,ZWE,84354,1987
津巴布韦,ZWE,-298236,1992
津巴布韦,ZWE,-524671,1997
津巴布韦,ZWE,-697817,2002
津巴布韦,ZWE,-512676,2007
津巴布韦,ZWE,-622997,2012
津巴布韦,ZWE,-584288,2017
